JJOO,AÑO,DEPORTE,DISCIPLINA,CATEGORÍA,N° MUJERES,N° HOMBRES ,MEDALLA
París,2024,Fútbol,Fútbol,Femenino y Masculino,216,288,Sí
París,2024,Atletismo,Atletismo,Femenino y Masculino,905,905,Sí
París,2024,Deportes Acuáticos,Waterpolo,Femenino y Masculino,110,135,Sí
París,2024,Deportes Acuáticos,Natación Artística,Femenino,99,0,Sí
París,2024,Deportes Acuáticos,Natación ,Femenino y Masculino,426,426,Sí
París,2024,Deportes Acuáticos,Aguas Abiertas,Femenino y Masculino,22,22,Sí
París,2024,Deportes Acuáticos,Surf,Femenino y Masculino,24,24,Sí
París,2024,Deportes Acuáticos,Piraguismo,Femenino y Masculino,118,118,Sí
París,2024,Deportes Acuáticos,Vela,Femenino y Masculino,165,165,Sí
París,2024,Deportes Acuáticos,Remo,Femenino y Masculino,251,251,Sí
París,2024,Gimnasia,Gimnasia Rítmica,Femenino ,94,0,Sí
París,2024,Gimnasia,Gimnasia Artística,Femenino y Masculino,96,96,Sí
París,2024,Gimnasia,Gimnasia Trampolín,Femenino y Masculino,8,8,Sí
París,2024,Lucha,Lucha grecoromana ,Masculino,0,96,Sí
París,2024,Lucha,Lucha libre,Femenino y Masculino,96,96,Sí
París,2024,Ciclismo,Ciclismo en Ruta,Femenino y Masculino,90,90,Sí
París,2024,Ciclismo,Ciclismo de Pista,Femenino y Masculino,95,95,Sí
París,2024,Ciclismo,BMX Freestyle,Femenino y Masculino,12,12,Sí
París,2024,Ciclismo,BMX Racing,Femenino y Masculino,24,24,Sí
París,2024,Ciclismo,Mountain Bike,Femenino y Masculino,36,36,Sí
París,2024,Bádminton,Bádminton,Femenino y Masculino,86,86,Sí
París,2024,Baloncesto,Baloncesto (5x5),Femenino y Masculino,144,144,Sí
París,2024,Baloncesto,Baloncesto 3x3,Femenino y Masculino,32,32,Sí
París,2024,Balonmano,Balonmano,Femenino y Masculino,168,168,Sí
París,2024,Boxeo,Boxeo,Femenino y Masculino,124,124,Sí
París,2024,Breaking,Breaking,Femenino y Masculino,16,16,Sí
París,2024,Deportes Ecuestres,Adiestramiento,Mixto,30,30,Sí
París,2024,Deportes Ecuestres,Concurso Completo,Mixto,32,32,Sí
París,2024,Deportes Ecuestres,Salto,Mixto,37,37,Sí
París,2024,Escalada Deportiva,Escalada Deportiva,Femenino y Masculino,34,34,Sí
París,2024,Esgrima,Esgrima,Femenino y Masculino,106,106,Sí
París,2024,Golf,Golf,Femenino y Masculino,60,60,Sí
París,2024,Halterofilia,Halterofilia,Femenino y Masculino,60,60,Sí
París,2024,Hockey sobre Césped,Hockey sobre Césped,Femenino y Masculino,192,192,Sí
París,2024,Judo,Judo,Femenino y Masculino,186,186,Sí
París,2024,Pentatlón Moderno,Pentatlón Moderno,Femenino y Masculino,36,36,Sí
París,2024,Rugby 7,Rugby 7,Femenino y Masculino,144,144,Sí
París,2024,Skateboarding,Skateboarding,Femenino y Masculino,44,44,Sí
París,2024,Taekwondo,Taekwondo,Femenino y Masculino,64,64,Sí
París,2024,Tenis,Tenis,Femenino y Masculino,86,86,Sí
París,2024,Tenis de Mesa,Tenis de Mesa,Femenino y Masculino,86,86,Sí
París,2024,Tiro,Tiro Deportivo,Femenino y Masculino,170,170,Sí
París,2024,Tiro con Arco,Tiro con Arco,Femenino y Masculino,64,64,Sí
París,2024,Triatlón,Triatlón,Femenino y Masculino,55,55,Sí
París,2024,Voleibol,Voleibol de Sala,Femenino y Masculino,144,144,Sí
París,2024,Voleibol,Voleibol de Playa,Femenino y Masculino,48,48,Sí
Tokio,2020,Atletismo,Atletismo,Femenino y Masculino,925,983,Sí
Tokio,2020,Bádminton,Bádminton,Femenino y Masculino,86,86,Sí
Tokio,2020,Baloncesto,Baloncesto (5x5),Femenino y Masculino,144,144,Sí
Tokio,2020,Baloncesto,Baloncesto 3x3,Femenino y Masculino,32,32,Sí
Tokio,2020,Balonmano,Balonmano,Femenino y Masculino,168,168,Sí
Tokio,2020,Béisbol/Sóftbol,Béisbol,Masculino,0,144,Sí
Tokio,2020,Béisbol/Sóftbol,Sóftbol,Femenino,90,0,Sí
Tokio,2020,Boxeo,Boxeo,Femenino y Masculino,100,186,Sí
Tokio,2020,Ciclismo,BMX Freestyle,Femenino y Masculino,9,9,Sí
Tokio,2020,Ciclismo,BMX Racing,Femenino y Masculino,24,24,Sí
Tokio,2020,Ciclismo,Ciclismo de Pista,Femenino y Masculino,89,99,Sí
Tokio,2020,Ciclismo,Ciclismo en Ruta,Femenino y Masculino,67,130,Sí
Tokio,2020,Ciclismo,Mountain Bike,Femenino y Masculino,38,38,Sí
Tokio,2020,Deportes Acuáticos,Aguas Abiertas,Femenino y Masculino,25,25,Sí
Tokio,2020,Deportes Acuáticos,Natación,Femenino y Masculino,438,441,Sí
Tokio,2020,Deportes Acuáticos,Natación Artística,Femenino,104,0,Sí
Tokio,2020,Deportes Acuáticos,Piragüismo Esprint,Femenino y Masculino,123,125,Sí
Tokio,2020,Deportes Acuáticos,Piragüismo Eslalon,Femenino y Masculino,41,41,Sí
Tokio,2020,Deportes Acuáticos,Remo,Femenino y Masculino,263,263,Sí
Tokio,2020,Deportes Acuáticos,Saltos (Clavados),Femenino y Masculino,71,72,Sí
Tokio,2020,Deportes Acuáticos,Surf,Femenino y Masculino,20,20,Sí
Tokio,2020,Deportes Acuáticos,Vela,Femenino y Masculino,175,175,Sí
Tokio,2020,Deportes Acuáticos,Waterpolo,Femenino y Masculino,110,156,Sí
Tokio,2020,Deportes Ecuestres,Adiestramiento,Mixto,30,30,Sí
Tokio,2020,Deportes Ecuestres,Concurso Completo,Mixto,32,32,Sí
Tokio,2020,Deportes Ecuestres,Salto,Mixto,37,37,Sí
Tokio,2020,Escalada Deportiva,Escalada Deportiva,Femenino y Masculino,20,20,Sí
Tokio,2020,Esgrima,Esgrima,Femenino y Masculino,106,106,Sí
Tokio,2020,Fútbol,Fútbol,Femenino y Masculino,216,288,Sí
Tokio,2020,Gimnasia,Gimnasia Artística,Femenino y Masculino,98,98,Sí
Tokio,2020,Gimnasia,Gimnasia Rítmica,Femenino,96,0,Sí
Tokio,2020,Gimnasia,Gimnasia Trampolín,Femenino y Masculino,16,16,Sí
Tokio,2020,Golf,Golf,Femenino y Masculino,60,60,Sí
Tokio,2020,Halterofilia,Halterofilia,Femenino y Masculino,98,98,Sí
Tokio,2020,Hockey sobre Césped,Hockey sobre Césped,Femenino y Masculino,192,192,Sí
Tokio,2020,Judo,Judo,Femenino y Masculino,193,200,Sí
Tokio,2020,Karate,Kata,Femenino y Masculino,10,10,Sí
Tokio,2020,Karate,Kumite,Femenino y Masculino,30,30,Sí
Tokio,2020,Lucha,Lucha Greco-romana,Masculino,0,96,Sí
Tokio,2020,Lucha,Lucha Libre,Femenino y Masculino,96,96,Sí
Tokio,2020,Pentatlón Moderno,Pentatlón Moderno,Femenino y Masculino,36,36,Sí
Tokio,2020,Rugby 7,Rugby 7,Femenino y Masculino,144,144,Sí
Tokio,2020,Skateboarding,Skateboarding,Femenino y Masculino,40,40,Sí
Tokio,2020,Taekwondo,Taekwondo,Femenino y Masculino,65,65,Sí
Tokio,2020,Tenis,Tenis,Femenino y Masculino,94,97,Sí
Tokio,2020,Tenis de Mesa,Tenis de Mesa,Femenino y Masculino,86,86,Sí
Tokio,2020,Tiro,Tiro Deportivo,Femenino y Masculino,178,178,Sí
Tokio,2020,Tiro con Arco,Tiro con Arco,Femenino y Masculino,64,64,Sí
Tokio,2020,Triatlón,Triatlón,Femenino y Masculino,55,55,Sí
Tokio,2020,Voleibol,Voleibol de Playa,Femenino y Masculino,48,48,Sí
Tokio,2020,Voleibol,Voleibol de Sala,Femenino y Masculino,144,144,Sí
Río de Janeiro,2016,Atletismo,Atletismo,Femenino y Masculino,1086,1198,Sí
Río de Janeiro,2016,Bádminton,Bádminton,Femenino y Masculino,86,86,Sí
Río de Janeiro,2016,Baloncesto,Baloncesto,Femenino y Masculino,144,144,Sí
Río de Janeiro,2016,Balonmano,Balonmano,Femenino y Masculino,168,168,Sí
Río de Janeiro,2016,Boxeo,Boxeo,Femenino y Masculino,36,250,Sí
Río de Janeiro,2016,Ciclismo,BMX Racing,Femenino y Masculino,16,32,Sí
Río de Janeiro,2016,Ciclismo,Ciclismo de Pista,Femenino y Masculino,89,100,Sí
Río de Janeiro,2016,Ciclismo,Ciclismo en Ruta,Femenino y Masculino,67,144,Sí
Río de Janeiro,2016,Ciclismo,Mountain Bike,Femenino y Masculino,30,50,Sí
Río de Janeiro,2016,Deportes Acuáticos,Aguas Abiertas,Femenino y Masculino,25,25,Sí
Río de Janeiro,2016,Deportes Acuáticos,Natación,Femenino y Masculino,420,470,Sí
Río de Janeiro,2016,Deportes Acuáticos,Natación Sincronizada,Femenino,104,0,Sí
Río de Janeiro,2016,Deportes Acuáticos,Piragüismo Esprint,Femenino y Masculino,88,158,Sí
Río de Janeiro,2016,Deportes Acuáticos,Piragüismo Eslalon,Femenino y Masculino,21,61,Sí
Río de Janeiro,2016,Deportes Acuáticos,Remo,Femenino y Masculino,215,331,Sí
Río de Janeiro,2016,Deportes Acuáticos,Saltos (Clavados),Femenino y Masculino,68,68,Sí
Río de Janeiro,2016,Deportes Acuáticos,Vela,Femenino y Masculino,163,217,Sí
Río de Janeiro,2016,Deportes Acuáticos,Waterpolo,Femenino y Masculino,104,156,Sí
Río de Janeiro,2016,Deportes Ecuestres,Adiestramiento,Mixto,30,30,Sí
Río de Janeiro,2016,Deportes Ecuestres,Concurso Completo,Mixto,32,32,Sí
Río de Janeiro,2016,Deportes Ecuestres,Salto,Mixto,37,37,Sí
Río de Janeiro,2016,Esgrima,Esgrima,Femenino y Masculino,106,106,Sí
Río de Janeiro,2016,Fútbol,Fútbol,Femenino y Masculino,216,288,Sí
Río de Janeiro,2016,Gimnasia,Gimnasia Artística,Femenino y Masculino,98,98,Sí
Río de Janeiro,2016,Gimnasia,Gimnasia Rítmica,Femenino,96,0,Sí
Río de Janeiro,2016,Gimnasia,Gimnasia Trampolín,Femenino y Masculino,16,16,Sí
Río de Janeiro,2016,Golf,Golf,Femenino y Masculino,60,60,Sí
Río de Janeiro,2016,Halterofilia,Halterofilia,Femenino y Masculino,104,156,Sí
Río de Janeiro,2016,Hockey sobre Césped,Hockey sobre Césped,Femenino y Masculino,192,192,Sí
Río de Janeiro,2016,Judo,Judo,Femenino y Masculino,154,232,Sí
Río de Janeiro,2016,Lucha,Lucha Greco-romana,Masculino,0,114,Sí
Río de Janeiro,2016,Lucha,Lucha Libre,Femenino y Masculino,114,114,Sí
Río de Janeiro,2016,Pentatlón Moderno,Pentatlón Moderno,Femenino y Masculino,36,36,Sí
Río de Janeiro,2016,Rugby 7,Rugby 7,Femenino y Masculino,144,144,Sí
Río de Janeiro,2016,Taekwondo,Taekwondo,Femenino y Masculino,64,64,Sí
Río de Janeiro,2016,Tenis,Tenis,Femenino y Masculino,86,86,Sí
Río de Janeiro,2016,Tenis de Mesa,Tenis de Mesa,Femenino y Masculino,86,86,Sí
Río de Janeiro,2016,Tiro,Tiro Deportivo,Femenino y Masculino,143,247,Sí
Río de Janeiro,2016,Tiro con Arco,24-19,Femenino y Masculino,64,64,Sí
Río de Janeiro,2016,Triatlón,Triatlón,Femenino y Masculino,55,55,Sí
Río de Janeiro,2016,Voleibol,Voleibol de Playa,Femenino y Masculino,48,48,Sí
Río de Janeiro,2016,Voleibol,Voleibol de Sala,Femenino y Masculino,144,144,Sí
Londres,2012,Atletismo,Atletismo,Femenino y Masculino,1015,1217,Sí
Londres,2012,Bádminton,Bádminton,Femenino y Masculino,86,86,Sí
Londres,2012,Baloncesto,Baloncesto,Femenino y Masculino,144,144,Sí
Londres,2012,Balonmano,Balonmano,Femenino y Masculino,168,168,Sí
Londres,2012,Boxeo,Boxeo,Femenino y Masculino,36,250,Sí
Londres,2012,Ciclismo,BMX Racing,Femenino y Masculino,16,32,Sí
Londres,2012,Ciclismo,Ciclismo de Pista,Femenino y Masculino,84,104,Sí
Londres,2012,Ciclismo,Ciclismo en Ruta,Femenino y Masculino,67,144,Sí
Londres,2012,Ciclismo,Mountain Bike,Femenino y Masculino,30,50,Sí
Londres,2012,Deportes Acuáticos,Aguas Abiertas,Femenino y Masculino,25,25,Sí
Londres,2012,Deportes Acuáticos,Natación,Femenino y Masculino,439,511,Sí
Londres,2012,Deportes Acuáticos,Natación Sincronizada,Femenino,104,0,Sí
Londres,2012,Deportes Acuáticos,Piragüismo Esprint,Femenino y Masculino,88,158,Sí
Londres,2012,Deportes Acuáticos,Piragüismo Eslalon,Femenino y Masculino,21,61,Sí
Londres,2012,Deportes Acuáticos,Remo,Femenino y Masculino,215,335,Sí
Londres,2012,Deportes Acuáticos,Saltos (Clavados),Femenino y Masculino,68,68,Sí
Londres,2012,Deportes Acuáticos,Vela,Femenino y Masculino,142,238,Sí
Londres,2012,Deportes Acuáticos,Waterpolo,Femenino y Masculino,104,156,Sí
Londres,2012,Deportes Ecuestres,Adiestramiento,Mixto,25,25,Sí
Londres,2012,Deportes Ecuestres,Concurso Completo,Mixto,37,37,Sí
Londres,2012,Deportes Ecuestres,Salto,Mixto,37,37,Sí
Londres,2012,Esgrima,Esgrima,Femenino y Masculino,106,106,Sí
Londres,2012,Fútbol,Fútbol,Femenino y Masculino,216,288,Sí
Londres,2012,Gimnasia,Gimnasia Artística,Femenino y Masculino,98,98,Sí
Londres,2012,Gimnasia,Gimnasia Rítmica,Femenino,96,0,Sí
Londres,2012,Gimnasia,Gimnasia Trampolín,Femenino y Masculino,16,16,Sí
Londres,2012,Halterofilia,Halterofilia,Femenino y Masculino,104,156,Sí
Londres,2012,Hockey sobre Césped,Hockey sobre Césped,Femenino y Masculino,192,192,Sí
Londres,2012,Judo,Judo,Femenino y Masculino,154,233,Sí
Londres,2012,Lucha,Lucha Greco-romana,Masculino,0,138,Sí
Londres,2012,Lucha,Lucha Libre,Femenino y Masculino,72,138,Sí
Londres,2012,Pentatlón Moderno,Pentatlón Moderno,Femenino y Masculino,36,36,Sí
Londres,2012,Taekwondo,Taekwondo,Femenino y Masculino,64,64,Sí
Londres,2012,Tenis,Tenis,Femenino y Masculino,86,86,Sí
Londres,2012,Tenis de Mesa,Tenis de Mesa,Femenino y Masculino,86,86,Sí
Londres,2012,Tiro,Tiro Deportivo,Femenino y Masculino,143,247,Sí
Londres,2012,Tiro con Arco,Tiro con Arco,Femenino y Masculino,64,64,Sí
Londres,2012,Triatlón,Triatlón,Femenino y Masculino,55,55,Sí
Londres,2012,Voleibol,Voleibol de Playa,Femenino y Masculino,48,48,Sí
Londres,2012,Voleibol,Voleibol de Sala,Femenino y Masculino,144,144,Sí
Pekín,2008,Atletismo,Atletismo,Femenino y Masculino,971,1086,Sí
Pekín,2008,Bádminton,Bádminton,Femenino y Masculino,86,86,Sí
Pekín,2008,Baloncesto,Baloncesto,Femenino y Masculino,144,144,Sí
Pekín,2008,Balonmano,Balonmano,Femenino y Masculino,168,168,Sí
Pekín,2008,Béisbol/Sóftbol,Béisbol,Masculino,0,144,Sí
Pekín,2008,Béisbol/Sóftbol,Sóftbol,Femenino,120,0,Sí
Pekín,2008,Boxeo,Boxeo,Masculino,0,286,Sí
Pekín,2008,Ciclismo,BMX Racing,Femenino y Masculino,16,32,Sí
Pekín,2008,Ciclismo,Ciclismo de Pista,Femenino y Masculino,35,153,Sí
Pekín,2008,Ciclismo,Ciclismo en Ruta,Femenino y Masculino,66,145,Sí
Pekín,2008,Ciclismo,Mountain Bike,Femenino y Masculino,30,50,Sí
Pekín,2008,Deportes Acuáticos,Aguas Abiertas,Femenino y Masculino,25,25,Sí
Pekín,2008,Deportes Acuáticos,Natación,Femenino y Masculino,448,578,Sí
Pekín,2008,Deportes Acuáticos,Natación Sincronizada,Femenino,104,0,Sí
Pekín,2008,Deportes Acuáticos,Piragüismo Esprint,Femenino y Masculino,87,159,Sí
Pekín,2008,Deportes Acuáticos,Piragüismo Eslalon,Femenino y Masculino,21,61,Sí
Pekín,2008,Deportes Acuáticos,Remo,Femenino y Masculino,216,339,Sí
Pekín,2008,Deportes Acuáticos,Saltos (Clavados),Femenino y Masculino,68,68,Sí
Pekín,2008,Deportes Acuáticos,Vela,Femenino y Masculino,156,244,Sí
Pekín,2008,Deportes Acuáticos,Waterpolo,Femenino y Masculino,104,156,Sí
Pekín,2008,Deportes Ecuestres,Adiestramiento,Mixto,24,24,Sí
Pekín,2008,Deportes Ecuestres,Concurso Completo,Mixto,35,35,Sí
Pekín,2008,Deportes Ecuestres,Salto,Mixto,38,38,Sí
Pekín,2008,Esgrima,Esgrima,Femenino y Masculino,102,110,Sí
Pekín,2008,Fútbol,Fútbol,Femenino y Masculino,216,288,Sí
Pekín,2008,Gimnasia,Gimnasia Artística,Femenino y Masculino,98,98,Sí
Pekín,2008,Gimnasia,Gimnasia Rítmica,Femenino,96,0,Sí
Pekín,2008,Gimnasia,Gimnasia Trampolín,Femenino y Masculino,16,16,Sí
Pekín,2008,Halterofilia,Halterofilia,Femenino y Masculino,90,163,Sí
Pekín,2008,Hockey sobre Césped,Hockey sobre Césped,Femenino y Masculino,192,192,Sí
Pekín,2008,Judo,Judo,Femenino y Masculino,147,239,Sí
Pekín,2008,Lucha,Lucha Greco-romana,Masculino,0,138,Sí
Pekín,2008,Lucha,Lucha Libre,Femenino y Masculino,60,138,Sí
Pekín,2008,Pentatlón Moderno,Pentatlón Moderno,Femenino y Masculino,36,36,Sí
Pekín,2008,Taekwondo,Taekwondo,Femenino y Masculino,64,64,Sí
Pekín,2008,Tenis,Tenis,Femenino y Masculino,86,86,Sí
Pekín,2008,Tenis de Mesa,Tenis de Mesa,Femenino y Masculino,86,86,Sí
Pekín,2008,Tiro,Tiro Deportivo,Femenino y Masculino,143,247,Sí
Pekín,2008,Tiro con Arco,Tiro con Arco,Femenino y Masculino,64,64,Sí
Pekín,2008,Triatlón,Triatlón,Femenino y Masculino,55,55,Sí
Pekín,2008,Voleibol,Voleibol de Playa,Femenino y Masculino,48,48,Sí
Pekín,2008,Voleibol,Voleibol de Sala,Femenino y Masculino,144,144,Sí
Atenas,2004,Atletismo,Atletismo,Femenino y Masculino,933,1062,Sí
Atenas,2004,Bádminton,Bádminton,Femenino y Masculino,86,86,Sí
Atenas,2004,Baloncesto,Baloncesto,Femenino y Masculino,144,144,Sí
Atenas,2004,Balonmano,Balonmano,Femenino y Masculino,140,168,Sí
Atenas,2004,Béisbol/Sóftbol,Béisbol,Masculino,0,192,Sí
Atenas,2004,Béisbol/Sóftbol,Sóftbol,Femenino,120,0,Sí
Atenas,2004,Boxeo,Boxeo,Masculino,0,286,Sí
Atenas,2004,Ciclismo,Ciclismo de Pista,Femenino y Masculino,35,153,Sí
Atenas,2004,Ciclismo,Ciclismo en Ruta,Femenino y Masculino,67,145,Sí
Atenas,2004,Ciclismo,Mountain Bike,Femenino y Masculino,30,50,Sí
Atenas,2004,Deportes Acuáticos,Natación,Femenino y Masculino,400,550,Sí
Atenas,2004,Deportes Acuáticos,Natación Sincronizada,Femenino,104,0,Sí
Atenas,2004,Deportes Acuáticos,Piragüismo Esprint,Femenino y Masculino,78,168,Sí
Atenas,2004,Deportes Acuáticos,Piragüismo Eslalon,Femenino y Masculino,21,61,Sí
Atenas,2004,Deportes Acuáticos,Remo,Femenino y Masculino,192,360,Sí
Atenas,2004,Deportes Acuáticos,Saltos (Clavados),Femenino y Masculino,68,68,Sí
Atenas,2004,Deportes Acuáticos,Vela,Femenino y Masculino,142,258,Sí
Atenas,2004,Deportes Acuáticos,Waterpolo,Femenino y Masculino,104,156,Sí
Atenas,2004,Deportes Ecuestres,Adiestramiento,Mixto,25,25,Sí
Atenas,2004,Deportes Ecuestres,Concurso Completo,Mixto,37,37,Sí
Atenas,2004,Deportes Ecuestres,Salto,Mixto,38,38,Sí
Atenas,2004,Esgrima,Esgrima,Femenino y Masculino,102,110,Sí
Atenas,2004,Fútbol,Fútbol,Femenino y Masculino,180,288,Sí
Atenas,2004,Gimnasia,Gimnasia Artística,Femenino y Masculino,98,98,Sí
Atenas,2004,Gimnasia,Gimnasia Rítmica,Femenino,84,0,Sí
Atenas,2004,Gimnasia,Gimnasia Trampolín,Femenino y Masculino,16,16,Sí
Atenas,2004,Halterofilia,Halterofilia,Femenino y Masculino,85,165,Sí
Atenas,2004,Hockey sobre Césped,Hockey sobre Césped,Femenino y Masculino,160,192,Sí
Atenas,2004,Judo,Judo,Femenino y Masculino,154,232,Sí
Atenas,2004,Lucha,Lucha Greco-romana,Masculino,0,140,Sí
Atenas,2004,Lucha,Lucha Libre,Femenino y Masculino,48,140,Sí
Atenas,2004,Pentatlón Moderno,Pentatlón Moderno,Femenino y Masculino,32,32,Sí
Atenas,2004,Taekwondo,Taekwondo,Femenino y Masculino,60,60,Sí
Atenas,2004,Tenis,Tenis,Femenino y Masculino,86,86,Sí
Atenas,2004,Tenis de Mesa,Tenis de Mesa,Femenino y Masculino,86,86,Sí
Atenas,2004,Tiro,Tiro Deportivo,Femenino y Masculino,140,250,Sí
Atenas,2004,Tiro con Arco,Tiro con Arco,Femenino y Masculino,64,64,Sí
Atenas,2004,Triatlón,Triatlón,Femenino y Masculino,50,50,Sí
Atenas,2004,Voleibol,Voleibol de Playa,Femenino y Masculino,48,48,Sí
Atenas,2004,Voleibol,Voleibol de Sala,Femenino y Masculino,144,144,Sí
Sídney,2000,Atletismo,Atletismo,Femenino y Masculino,889,1248,Sí
Sídney,2000,Bádminton,Bádminton,Femenino y Masculino,86,86,Sí
Sídney,2000,Baloncesto,Baloncesto,Femenino y Masculino,144,144,Sí
Sídney,2000,Balonmano,Balonmano,Femenino y Masculino,140,168,Sí
Sídney,2000,Béisbol/Sóftbol,Béisbol,Masculino,0,192,Sí
Sídney,2000,Béisbol/Sóftbol,Sóftbol,Femenino,120,0,Sí
Sídney,2000,Boxeo,Boxeo,Masculino,0,312,Sí
Sídney,2000,Ciclismo,Ciclismo de Pista,Femenino y Masculino,30,150,Sí
Sídney,2000,Ciclismo,Ciclismo en Ruta,Femenino y Masculino,57,140,Sí
Sídney,2000,Ciclismo,Mountain Bike,Femenino y Masculino,30,50,Sí
Sídney,2000,Deportes Acuáticos,Natación,Femenino y Masculino,400,550,Sí
Sídney,2000,Deportes Acuáticos,Natación Sincronizada,Femenino,104,0,Sí
Sídney,2000,Deportes Acuáticos,Piragüismo Esprint,Femenino y Masculino,78,168,Sí
Sídney,2000,Deportes Acuáticos,Piragüismo Eslalon,Femenino y Masculino,21,61,Sí
Sídney,2000,Deportes Acuáticos,Remo,Femenino y Masculino,180,367,Sí
Sídney,2000,Deportes Acuáticos,Saltos (Clavados),Femenino y Masculino,78,79,Sí
Sídney,2000,Deportes Acuáticos,Vela,Femenino y Masculino,120,280,Sí
Sídney,2000,Deportes Acuáticos,Waterpolo,Femenino y Masculino,78,156,Sí
Sídney,2000,Deportes Ecuestres,Adiestramiento,Mixto,24,24,Sí
Sídney,2000,Deportes Ecuestres,Concurso Completo,Mixto,38,38,Sí
Sídney,2000,Deportes Ecuestres,Salto,Mixto,37,37,Sí
Sídney,2000,Esgrima,Esgrima,Femenino y Masculino,96,121,Sí
Sídney,2000,Fútbol,Fútbol,Femenino y Masculino,144,288,Sí
Sídney,2000,Gimnasia,Gimnasia Artística,Femenino y Masculino,98,98,Sí
Sídney,2000,Gimnasia,Gimnasia Rítmica,Femenino,84,0,Sí
Sídney,2000,Gimnasia,Gimnasia Trampolín,Femenino y Masculino,12,12,Sí
Sídney,2000,Halterofilia,Halterofilia,Femenino y Masculino,85,165,Sí
Sídney,2000,Hockey sobre Césped,Hockey sobre Césped,Femenino y Masculino,160,192,Sí
Sídney,2000,Judo,Judo,Femenino y Masculino,154,244,Sí
Sídney,2000,Lucha,Lucha Greco-romana,Masculino,0,160,Sí
Sídney,2000,Lucha,Lucha Libre,Masculino,0,160,Sí
Sídney,2000,Pentatlón Moderno,Pentatlón Moderno,Femenino y Masculino,24,24,Sí
Sídney,2000,Taekwondo,Taekwondo,Femenino y Masculino,48,48,Sí
Sídney,2000,Tenis,Tenis,Femenino y Masculino,86,86,Sí
Sídney,2000,Tenis de Mesa,Tenis de Mesa,Femenino y Masculino,86,86,Sí
Sídney,2000,Tiro,Tiro Deportivo,Femenino y Masculino,140,268,Sí
Sídney,2000,Tiro con Arco,Tiro con Arco,Femenino y Masculino,64,64,Sí
Sídney,2000,Triatlón,Triatlón,Femenino y Masculino,48,52,Sí
Sídney,2000,Voleibol,Voleibol de Playa,Femenino y Masculino,48,48,Sí
Sídney,2000,Voleibol,Voleibol de Sala,Femenino y Masculino,144,144,Sí
Atlanta,1996,Atletismo,Atletismo,Femenino y Masculino,789,1268,Sí
Atlanta,1996,Bádminton,Bádminton,Femenino y Masculino,96,96,Sí
Atlanta,1996,Baloncesto,Baloncesto,Femenino y Masculino,144,144,Sí
Atlanta,1996,Balonmano,Balonmano,Femenino y Masculino,112,168,Sí
Atlanta,1996,Béisbol/Sóftbol,Béisbol,Masculino,0,192,Sí
Atlanta,1996,Béisbol/Sóftbol,Sóftbol,Femenino,120,0,Sí
Atlanta,1996,Boxeo,Boxeo,Masculino,0,355,Sí
Atlanta,1996,Ciclismo,Ciclismo de Pista,Femenino y Masculino,24,150,Sí
Atlanta,1996,Ciclismo,Ciclismo en Ruta,Femenino y Masculino,58,184,Sí
Atlanta,1996,Ciclismo,Mountain Bike,Femenino y Masculino,28,38,Sí
Atlanta,1996,Deportes Acuáticos,Natación,Femenino y Masculino,338,424,Sí
Atlanta,1996,Deportes Acuáticos,Natación Sincronizada,Femenino,78,0,Sí
Atlanta,1996,Deportes Acuáticos,Piragüismo Esprint,Femenino y Masculino,68,200,Sí
Atlanta,1996,Deportes Acuáticos,Piragüismo Eslalon,Femenino y Masculino,30,102,Sí
Atlanta,1996,Deportes Acuáticos,Remo,Femenino y Masculino,182,426,Sí
Atlanta,1996,Deportes Acuáticos,Saltos (Clavados),Femenino y Masculino,62,61,Sí
Atlanta,1996,Deportes Acuáticos,Vela,Femenino y Masculino,87,271,Sí
Atlanta,1996,Deportes Acuáticos,Waterpolo,Masculino,0,156,Sí
Atlanta,1996,Deportes Ecuestres,Adiestramiento,Mixto,22,22,Sí
Atlanta,1996,Deportes Ecuestres,Concurso Completo,Mixto,36,36,Sí
Atlanta,1996,Deportes Ecuestres,Salto,Mixto,41,41,Sí
Atlanta,1996,Esgrima,Esgrima,Femenino y Masculino,95,129,Sí
Atlanta,1996,Fútbol,Fútbol,Femenino y Masculino,120,256,Sí
Atlanta,1996,Gimnasia,Gimnasia Artística,Femenino y Masculino,108,108,Sí
Atlanta,1996,Gimnasia,Gimnasia Rítmica,Femenino,90,0,Sí
Atlanta,1996,Halterofilia,Halterofilia,Masculino,0,253,Sí
Atlanta,1996,Hockey sobre Césped,Hockey sobre Césped,Femenino y Masculino,128,192,Sí
Atlanta,1996,Judo,Judo,Femenino y Masculino,156,232,Sí
Atlanta,1996,Lucha,Lucha Greco-romana,Masculino,0,200,Sí
Atlanta,1996,Lucha,Lucha Libre,Masculino,0,201,Sí
Atlanta,1996,Pentatlón Moderno,Pentatlón Moderno,Masculino,0,32,Sí
Atlanta,1996,Tenis,Tenis,Femenino y Masculino,80,96,Sí
Atlanta,1996,Tenis de Mesa,Tenis de Mesa,Femenino y Masculino,80,80,Sí
Atlanta,1996,Tiro,Tiro Deportivo,Femenino y Masculino,123,295,Sí
Atlanta,1996,Tiro con Arco,Tiro con Arco,Femenino y Masculino,64,64,Sí
Atlanta,1996,Voleibol,Voleibol de Playa,Femenino y Masculino,36,48,Sí
Atlanta,1996,Voleibol,Voleibol de Sala,Femenino y Masculino,144,144,Sí
Barcelona,1992,Atletismo,Atletismo,Femenino y Masculino,632,1100,Sí
Barcelona,1992,Bádminton,Bádminton,Femenino y Masculino,86,92,Sí
Barcelona,1992,Baloncesto,Baloncesto,Femenino y Masculino,96,144,Sí
Barcelona,1992,Balonmano,Balonmano,Femenino y Masculino,112,144,Sí
Barcelona,1992,Béisbol,Béisbol,Masculino,0,160,Sí
Barcelona,1992,Boxeo,Boxeo,Masculino,0,336,Sí
Barcelona,1992,Ciclismo,Ciclismo de Pista,Femenino y Masculino,21,180,Sí
Barcelona,1992,Ciclismo,Ciclismo en Ruta,Femenino y Masculino,58,190,Sí
Barcelona,1992,Deportes Acuáticos,Natación,Femenino y Masculino,280,360,Sí
Barcelona,1992,Deportes Acuáticos,Natación Sincronizada,Femenino,53,0,Sí
Barcelona,1992,Deportes Acuáticos,Piragüismo Esprint,Femenino y Masculino,60,220,Sí
Barcelona,1992,Deportes Acuáticos,Piragüismo Eslalon,Femenino y Masculino,25,115,Sí
Barcelona,1992,Deportes Acuáticos,Remo,Femenino y Masculino,170,450,Sí
Barcelona,1992,Deportes Acuáticos,Saltos (Clavados),Femenino y Masculino,48,47,Sí
Barcelona,1992,Deportes Acuáticos,Vela,Femenino y Masculino,72,275,Sí
Barcelona,1992,Deportes Acuáticos,Waterpolo,Masculino,0,156,Sí
Barcelona,1992,Deportes Ecuestres,Adiestramiento,Mixto,24,24,Sí
Barcelona,1992,Deportes Ecuestres,Concurso Completo,Mixto,41,41,Sí
Barcelona,1992,Deportes Ecuestres,Salto,Mixto,43,43,Sí
Barcelona,1992,Esgrima,Esgrima,Femenino y Masculino,46,165,Sí
Barcelona,1992,Fútbol,Fútbol,Masculino,0,256,Sí
Barcelona,1992,Gimnasia,Gimnasia Artística,Femenino y Masculino,90,90,Sí
Barcelona,1992,Gimnasia,Gimnasia Rítmica,Femenino,42,0,Sí
Barcelona,1992,Halterofilia,Halterofilia,Masculino,0,244,Sí
Barcelona,1992,Hockey sobre Césped,Hockey sobre Césped,Femenino y Masculino,128,192,Sí
Barcelona,1992,Judo,Judo,Femenino y Masculino,156,277,Sí
Barcelona,1992,Lucha,Lucha Greco-romana,Masculino,0,180,Sí
Barcelona,1992,Lucha,Lucha Libre,Masculino,0,190,Sí
Barcelona,1992,Pentatlón Moderno,Pentatlón Moderno,Masculino,0,66,Sí
Barcelona,1992,Tenis,Tenis,Femenino y Masculino,80,97,Sí
Barcelona,1992,Tenis de Mesa,Tenis de Mesa,Femenino y Masculino,80,80,Sí
Barcelona,1992,Tiro,Tiro Deportivo,Femenino y Masculino,108,299,Sí
Barcelona,1992,Tiro con Arco,Tiro con Arco,Femenino y Masculino,61,75,Sí
Barcelona,1992,Voleibol,Voleibol de Sala,Femenino y Masculino,96,144,Sí
Seúl,1988,Atletismo,Atletismo,Femenino y Masculino,548,1069,Sí
Seúl,1988,Baloncesto,Baloncesto,Femenino y Masculino,96,144,Sí
Seúl,1988,Balonmano,Balonmano,Femenino y Masculino,112,144,Sí
Seúl,1988,Boxeo,Boxeo,Masculino,0,432,Sí
Seúl,1988,Ciclismo,Ciclismo de Pista,Femenino y Masculino,17,180,Sí
Seúl,1988,Ciclismo,Ciclismo en Ruta,Femenino y Masculino,50,182,Sí
Seúl,1988,Deportes Acuáticos,Natación,Femenino y Masculino,275,358,Sí
Seúl,1988,Deportes Acuáticos,Natación Sincronizada,Femenino,46,0,Sí
Seúl,1988,Deportes Acuáticos,Piragüismo Esprint,Femenino y Masculino,55,220,Sí
Seúl,1988,Deportes Acuáticos,Remo,Femenino y Masculino,170,423,Sí
Seúl,1988,Deportes Acuáticos,Saltos (Clavados),Femenino y Masculino,40,41,Sí
Seúl,1988,Deportes Acuáticos,Vela,Femenino y Masculino,45,330,Sí
Seúl,1988,Deportes Acuáticos,Waterpolo,Masculino,0,156,Sí
Seúl,1988,Deportes Ecuestres,Adiestramiento,Mixto,26,26,Sí
Seúl,1988,Deportes Ecuestres,Concurso Completo,Mixto,25,25,Sí
Seúl,1988,Deportes Ecuestres,Salto,Mixto,37,37,Sí
Seúl,1988,Esgrima,Esgrima,Femenino y Masculino,45,190,Sí
Seúl,1988,Fútbol,Fútbol,Masculino,0,256,Sí
Seúl,1988,Gimnasia,Gimnasia Artística,Femenino y Masculino,90,90,Sí
Seúl,1988,Gimnasia,Gimnasia Rítmica,Femenino,39,0,Sí
Seúl,1988,Halterofilia,Halterofilia,Masculino,0,226,Sí
Seúl,1988,Hockey sobre Césped,Hockey sobre Césped,Femenino y Masculino,128,192,Sí
Seúl,1988,Judo,Judo,Masculino,0,242,Sí
Seúl,1988,Lucha,Lucha Greco-romana,Masculino,0,210,Sí
Seúl,1988,Lucha,Lucha Libre,Masculino,0,220,Sí
Seúl,1988,Pentatlón Moderno,Pentatlón Moderno,Masculino,0,65,Sí
Seúl,1988,Tenis,Tenis,Femenino y Masculino,48,80,Sí
Seúl,1988,Tenis de Mesa,Tenis de Mesa,Femenino y Masculino,48,81,Sí
Seúl,1988,Tiro,Tiro Deportivo,Femenino y Masculino,88,308,Sí
Seúl,1988,Tiro con Arco,Tiro con Arco,Femenino y Masculino,62,84,Sí
Seúl,1988,Voleibol,Voleibol de Sala,Femenino y Masculino,96,144,Sí
